system_id,H2O,CO2,O2,O3,CH4,N2,N2O,CO,H2,H2S,SO2,NH3,stellar_type,stellar_teff,stellar_radius,planet_radius,planet_mass,surface_gravity,orbital_distance,surface_pressure,snr_mean,snr_max,rp_rs_sq,retrieval_quality
21,0.0,-0.6482907386402814,-1.0422886485266383,-6.2708250529216345,-5.386391550536825,,,,,,,,K,4516.8,,0.03667637560756188,,,,,1.1896536098863884,4.4477678216378145,0.00134515652770696,0
110,-3.6944908860300525,-2.8647101173336997,-2.328408374815999,-6.406876903563891,-5.52244340117908,,,,,,,,K,4712.1,,0.04876069783137432,,,,,4.574227123745412,10.554237233039691,0.0023776056530025926,0
210,-1.3963606469163288,-4.391827782905141,-2.059972138742886,-6.57694230338119,-5.69250880099638,,,,,,,,M,3674.8,,0.0696105109029454,,,,,0.20323367068102902,0.8228109236221646,0.004845623228169081,0
211,-3.322186998399316,-2.3997382175909148,-2.2607858637728735,-6.091850537107113,-4.331962359886694,,,,,,,,K,4753.4,,0.025216354799059055,,,,,2.862906451336791,5.9456311382010885,0.0006358645493520287,0
212,-3.6742804115558774,-4.187646069603813,-1.9696734722463982,-6.389775732854973,-5.505342230470163,,,,,,,,K,3710.6,,0.04704607466631817,,,,,0.19902680378710436,0.6570593817787419,0.0022133331415087843,0
213,-0.8420835874502658,-2.1364887579280287,-1.8267829326767973,-5.682688380576744,-4.798254878191933,,,,,,,,K,4585.5,,0.010708205808761044,,,,,3.147002120844118,6.701680274299569,0.00011466567164278376,0
214,-0.980915200442621,-2.9254254797844954,-1.8070563645467888,-5.232740192187265,-4.348306689802454,,,,,,,,K,5069.8,,0.0041751578741013595,,,,,5.206016040267437,9.882559243231068,1.7431943273670585e-05,0
215,-3.623377091230423,-4.140658389303394,-0.9351294359765994,-6.346703692579588,-5.462270190194778,,,,,,,,K,4329.7,,0.04298995527096472,,,,,0.7671220381170875,5.846512449826233,0.0018481362541995473,0
216,0.0,-0.6118633620197291,-0.6401482844538846,-5.85547004118479,-4.9710365387999795,,,,,,,,K,4571.8,,0.015374144071306576,,,,,2.5535028844806433,7.509988023114515,0.00023636430592529115,0
217,-3.682518385694187,-2.1605152314919396,-1.8781988626116595,-6.39674632635662,-5.5123128239718096,,,,,,,,K,4478.2,,0.04773756873352061,,,,,1.2444140810788404,2.984699932966071,0.0022788754685876046,0
218,-3.2531922229475496,-2.136758043203106,-2.1991261031913205,-6.0334703424940805,-5.14903684010927,,,,,,,,K,4566.3,,0.022315642856458415,,,,,0.9224534378306535,2.2148831148597448,0.0004979879160970035,0
219,-0.8902791488648981,-1.7816438798172056,-1.919361055139956,-5.97035968723382,-5.0859261848490105,,,,,,,,M,3391.4,,0.019554021092065957,,,,,0.1755017189917058,0.6472031703817755,0.00038235974086896034,0
1100,-1.2410790143889967,-3.145429008816093,-1.976053099608946,-6.4554450994484815,-5.571011597063672,,,,,,,,K,4354.4,,0.053978749305730364,,,,,1.0212877850211894,3.413228226605845,0.0029137053766108865,0
1108,-3.953656212727186,-4.4455314245311754,-2.809161755218185,-6.626170641538389,-5.741737139153578,,,,,,,,M,3399.7,,0.07716633179030928,,,,,0.15821656638329376,0.5771365251474412,0.005954642761972096,0
2100,-1.0867302341179812,-2.1515159855017716,-1.0863011168154426,-6.34941199897692,-5.46497849659211,,,,,,,,M,3548.3,,0.04323436552494773,,,,,0.25602631370426004,2.2588861493053054,0.0018692103623447883,0
2101,-1.3855261686037474,-2.007855140038233,-1.0079984185054385,-5.989243987755839,-5.104810485371029,,,,,,,,K,4580.0,,0.0203424672382518,,,,,2.029031950917382,6.190790122644922,0.00041381597333934786,0
2102,-1.1325291135922195,-0.6265841599264743,-1.0947132144060658,-5.965221738013647,-2.587788906881265,,,,,,,,K,4522.3,,0.019344843310770785,,,,,2.844950928269116,6.480912095373626,0.00037422296271827317,0
2103,-0.5971177745245301,-1.669779712687931,-1.156629011388738,-6.283028606776687,-3.5855085861337717,,,,,,,,K,4519.5,,0.037625350267131395,,,,,1.0213881126448612,3.425809312977683,0.0014156669827243245,0
2104,-1.382741114926802,-2.3863616158908236,-2.131513129566323,-5.947804978139134,-5.063371475754323,,,,,,,,K,4690.1,,0.01865227450410341,,,,,3.085839160776655,6.946208585201622,0.00034790734417642624,0
2105,-1.2548326957920977,-2.081099423899091,-2.1045957734679246,-5.723303894907964,-4.2791289451164065,,,,,,,,K,5006.5,,0.01165842557120062,,,,,4.40312235797705,8.446146087695086,0.0001359188867992245,0
2106,-3.246829037926391,-2.5020641945452895,-1.7547065860395255,-6.028086109014638,-4.634572433705762,,,,,,,,K,4937.7,,0.022065544285773286,,,,,3.7731159935041787,7.776523623873859,0.00048688824462742215,0
2107,-0.8637008197909666,-1.9708958300829758,-2.0565866853805814,-5.888710811261255,-5.004277308876445,,,,,,,,K,4428.7,,0.01648199691134573,,,,,1.4334315241444333,4.311877731143859,0.0002716562221856102,0
2108,-1.20313283964515,-1.937950338404766,-2.0167532402957087,-5.860676182317077,-3.5599293114426933,,,,,,,,K,4629.6,,0.015542604718203056,,,,,1.2497594811003836,2.937089582916109,0.0002415725614263079,0
2109,-0.7394734536656434,-2.3510217175438872,-1.2348603817499757,-6.075113364740837,-5.190679862356026,,,,,,,,M,3545.5,,0.02434819073597118,,,,,0.2998514185490436,1.2040584127514327,0.0005928343921152327,0
2110,-1.0603658346949043,-1.8099694829767246,-1.8915309051801645,-5.803354812013591,-4.070186556381371,,,,,,,,K,4384.7,,0.013785212509337187,,,,,1.2330291702392013,3.018437705916726,0.00019003208392758648,0
2111,-3.714172416401915,-3.081051675959356,-2.2372301402047863,-6.4235305061862356,-5.539097003801426,,,,,,,,K,4527.8,,0.05049048600329443,,,,,3.252661782541362,7.007435186836804,0.0025492891768488708,0
2112,-3.7800617764361606,-2.614261904452211,-1.9292875043368327,-6.479283041599828,-5.5948495392150175,,,,,,,,K,3886.7,,0.05674056737370329,,,,,0.1950872154724986,1.0113578302466097,0.0032194919858897623,0
2113,-1.8695202772614044,-1.8938214168395882,-2.108591715773029,-6.330207004523641,-4.8195456124137,,,,,,,,K,4128.8,,0.04153077199901191,,,,,0.5545176394051562,1.6174844126954289,0.0017248050228339117,0
2114,-1.1376614030433658,-2.4168447635472226,-1.8797640162150666,-6.576706883199554,-5.692273380814743,,,,,,,,M,3485.0,,0.06957621561050785,,,,,0.16009326627446258,1.392111571245852,0.004840849778679876,0
2115,-1.0424371166616386,-1.6400743258653003,-1.9508022971182002,-5.253634844131799,-4.369201341746988,,,,,,,,K,5094.5,,0.004361823019214321,,,,,5.186401287601628,9.80705067272298,1.9025500050947933e-05,0
2116,-0.9639700639481283,-1.9791340876920143,-1.4385248392310865,-5.319267191702963,-4.434833689318152,,,,,,,,K,5100.1,,0.005004190229672691,,,,,6.518101340116526,12.138509762028592,2.5041919854751623e-05,0
2117,-1.419428105669761,-2.1488339124387816,-1.7638351705903261,-6.023184471685415,-5.138750969300604,,,,,,,,K,4577.3,,0.021840300555586178,,,,,1.5161915256982874,3.762293443888447,0.00047699872835833785,0
2118,-1.3055478802175347,-1.9377474782792334,-2.034021144322181,-5.771064808138967,-3.6172615946631255,,,,,,,,K,4965.2,,0.012884243277804075,,,,,3.6360601356136484,7.158791586043319,0.0001660037248416395,0
2119,-2.6852166632243977,-2.2602891014000654,-2.1498166527788154,-5.552875638112952,-4.668442135728142,,,,,,,,K,4775.4,,0.00816028121752641,,,,,4.23124681591016,8.46726513086581,6.659018954911432e-05,0
2120,-1.6495037524897902,-2.2894098791131308,-1.8278257807702132,-5.909461503242607,-3.9219155309532696,,,,,,,,K,4959.7,,0.017213694610945404,,,,,5.468722763147414,11.352480417754572,0.00029631128215889087,0
2121,-3.2025102128206626,-3.545332475041368,-1.8487403987393685,-5.990585564694406,-5.106152062309596,,,,,,,,K,4665.3,,0.020399674632100434,,,,,3.7070970686886215,8.154616000617878,0.000416146725095562,0
2122,-1.015306646563734,-2.2880925456529724,-1.6921060815498805,-6.222608502538147,-5.338175000153337,,,,,,,,M,3619.8,,0.03315531696501853,,,,,0.26733893970187067,1.4601211778740504,0.0010992750430508455,0
2123,-3.719720518303004,-2.2747138921162744,-2.4649102319289593,-6.428225053948696,-5.543791551563886,,,,,,,,K,4186.6,,0.050989097111210954,,,,,0.7961850448220479,2.5442567033661696,0.0025998880242165015,0
2124,-3.6859718818750298,-2.527001892939418,-2.2401863697049076,-6.399668515432717,-5.515235013047907,,,,,,,,K,4516.8,,0.04803046953359333,,,,,2.2881477198818376,5.480668117678706,0.002306926003617437,0
2125,-1.0775876224536476,-2.029048111091628,-1.9660491093952903,-5.833801517095968,-4.949368014711158,,,,,,,,K,4503.0,,0.014692384599857262,,,,,1.0454685308885587,2.4890533026220885,0.00021586616523012282,0
2126,-1.1646502893589483,-2.1119727077312755,-1.2614669292630039,-5.909914408195386,-5.025480905810576,,,,,,,,K,5080.8,,0.017230021748419783,,,,,3.4435031748215956,9.584142337699015,0.00029687364945101875,0
2127,-0.9941492006711635,-1.9783647910892315,-1.8150180051928446,-5.806562366019557,-3.6770147114214713,,,,,,,,K,4497.5,,0.013878081182612098,,,,,1.0733652648241625,2.5636195570233693,0.00019260113731117202,0
2128,-3.67829554768053,-2.3362722307578894,-2.2499859548005907,-6.393173155729679,-3.9269634007282326,,,,,,,,K,4657.1,,0.04738184413381201,,,,,1.1172002340116565,2.5856938294048195,0.0022450391535208556,0
2129,-3.980111808308455,-2.592710653226208,-2.3689782094546814,-6.64855614549177,-5.764122643106959,,,,,,,,M,3584.0,,0.08086830010119785,,,,,0.2833121767274757,0.9755138608692289,0.006539681961257395,0
2130,-1.042104334760434,-1.9426686156086037,-2.077863624546446,-6.214486376921029,-4.085754379679765,,,,,,,,K,3705.1,,0.032596384616882274,,,,,0.3628618424913262,1.7661129763125754,0.0010625242900917191,0
2131,-0.8873956595586372,-1.6046622548494476,-1.1226784134115433,-5.816685068683417,-4.932251566298607,,,,,,,,K,4541.5,,0.01417528765353103,,,,,1.5519818307082123,3.922426330745307,0.00020093878006034925,0
2132,-4.02804423424271,-4.514197290545505,-2.197516052934414,-6.689114352051524,-5.804680849666713,,,,,,,,K,4197.6,,0.08803379235193286,,,,,0.6000567150564421,2.1286194366274147,0.0077499485958632324,0
2133,-1.24745268953926,-2.425604223095792,-1.7788445362217753,-5.315180124145249,-4.430746621760439,,,,,,,,K,4808.4,,0.00496156053744767,,,,,4.79128114737666,9.579010578732877,2.461708296675801e-05,0
2134,-1.1522706497801778,-2.1434832733370723,-1.147031918419023,-6.151020334894234,-5.266586832509423,,,,,,,,K,4571.8,,0.028541252763661443,,,,,1.2121975175061774,4.579534342873754,0.0008146031093192119,0
2135,-0.8176969023289684,-2.1573446905810223,-1.6716968891717623,-6.471671720151768,-3.663376154447023,,,,,,,,M,3578.5,,0.05584371359262906,,,,,0.25827948464081063,1.2108659427668038,0.0031185203478155837,0
2136,-0.8643163176630245,-1.6604544423272891,-1.9220559278558946,-5.265883511421486,-3.506791605987456,,,,,,,,K,5177.1,,0.004475104613785333,,,,,7.393773215626945,13.217806257691946,2.0026561304322772e-05,0
2137,-3.6675035259425774,-1.3632566618509387,-1.0515337395797333,-6.384041445028335,-5.499607942643525,,,,,,,,K,4398.4,,0.04648473982658758,,,,,1.3401969320597542,6.365583405249797,0.002160831036745538,0
2138,-3.324230952698027,-2.556308461658975,-1.9344522267039035,-6.093580036898331,-4.177771426517455,,,,,,,,K,4538.8,,0.025307810797919626,,,,,5.432843023287651,10.934495564476014,0.0006404852873832972,0
2139,-1.0384594318236509,-3.820895100609258,-1.7517904299628189,-6.053587344609964,-5.169153842225153,,,,,,,,K,4247.1,,0.023275423190615777,,,,,0.8151936859175442,2.368416109535362,0.0005417453247022547,0
2140,-3.6801996761194484,-2.9212254283793695,-1.775416659016403,-6.3947843413318415,-5.510350838947031,,,,,,,,K,4648.8,,0.04754191529614355,,,,,2.5935661775826095,5.608914580433505,0.002260233710025688,0
2141,-1.022901579652788,-1.929333646857718,-2.105945333477426,-6.219051307300704,-3.858201628360246,,,,,,,,K,4016.0,,0.0329093549817514,,,,,0.5149339942555978,1.753443645222112,0.0010830256453149257,0
2142,-1.2504774696803689,-2.255747867141006,-1.72523038748716,-5.796043521689185,-4.911610019304375,,,,,,,,K,4508.5,,0.013575843969931757,,,,,1.2913151534496212,3.051168996320502,0.00018430353949593247,0
2143,-3.4902907557093332,-2.694172655981369,-1.5940698944103835,-6.234092177907897,-5.349658675523087,,,,,,,,K,4580.0,,0.03396197117251336,,,,,2.9899449501465223,6.4770476503803565,0.0011534154859226286,0
2144,-1.579456408194487,-2.2884132313254106,-2.231544654828444,-5.633202026984325,-4.748768524599514,,,,,,,,K,4709.4,,0.009654485073667757,,,,,3.779427843879618,7.711376818698926,9.320908203767351e-05,0
2145,-0.4207240356966455,-1.1316476013025927,-0.6396675444809135,-5.5924621623518656,-4.708028659967056,,,,,,,,K,4915.7,,0.008865288532745947,,,,,5.04488698083974,11.247346791311026,7.859334076883678e-05,0
2146,-1.2359581893909013,-2.241548618275189,-2.2148974822596026,-6.287568323723248,-5.403134821338437,,,,,,,,K,4255.4,,0.037984600842356796,,,,,0.48678209855916027,1.4063397439654377,0.0014428299011531726,0
2147,-4.180713316327689,-2.924675193572949,-2.3965417656333163,-6.818295883046506,-5.933862380661696,,,,,,,,M,3416.2,,0.11536847884289472,,,,,0.1538350347925073,0.5814946619217082,0.013309885910523447,0
2148,-0.9400740080636155,-2.3290729389912617,-1.8399024045754082,-6.341175978350974,-5.456742475966164,,,,,,,,K,3779.4,,0.042495387963131286,,,,,0.2574448033657834,0.9836658504621327,0.0018058579981370436,0
2149,-0.9801860380174957,-2.2695340988571235,-1.0670601879246857,-5.93801933750094,-5.053585835116129,,,,,,,,M,3319.9,,0.018274090079131736,,,,,0.17959753881109217,0.7283667350481301,0.00033394236822022097,0
2150,-0.9517878235917517,-1.7521437171983456,-1.1460747860520082,-5.738279066492991,-4.853845564108181,,,,,,,,K,5053.3,,0.012029669527735504,,,,,2.818531000729127,5.982230267654284,0.00014471294894652815,0
2151,-3.2610077229949708,-2.5469431206169757,-1.5448046206248316,-6.040083457918822,-4.415561707101189,,,,,,,,K,4846.9,,0.022626705556863316,,,,,4.453138074628756,8.989909053694925,0.0005119678043569892,0
2152,-1.0583762058641606,-2.3013062924782384,-2.087635652536227,-6.334563580508237,-5.450130078123427,,,,,,,,K,3804.2,,0.041911241691589954,,,,,0.19619974779266228,0.7111428710185449,0.0017565521801308679,0
2153,-3.541915004785147,-2.042736178590006,-1.1513139517665014,-6.277774234818201,-3.8870800752763093,,,,,,,,K,4569.0,,0.037213785483207855,,,,,2.141878030300999,7.497676702988747,0.0013848658299902119,0
2154,-1.5030467535388987,-2.4553587361752935,-1.3394340755761327,-5.971463716870065,-5.087030214485254,,,,,,,,K,4648.8,,0.01959926308658189,,,,,2.010122397018661,5.442323623054296,0.0003841311135370514,0
2155,-4.038519181370534,-2.550695039617328,-2.387950146390746,-6.69797776885199,-4.03300464872643,,,,,,,,K,4615.8,,0.08968236709414941,,,,,1.0740164095634563,3.2742343771426876,0.008042926967609772,0
2156,-1.1510343161775403,-2.0906825399063074,-1.9977932662506892,-5.365228443987215,-4.480794941602404,,,,,,,,K,4981.7,,0.005509558100835914,,,,,3.8686656042014587,7.5680591479762365,3.0355230466486637e-05,0
2157,-1.177091619001677,-1.9407799082605397,-1.7153012124434008,-5.499074007535021,-4.614640505150211,,,,,,,,K,4577.3,,0.0072911251410905575,,,,,1.8127608695578314,3.935132865887401,5.31605058230428e-05,0
2158,-0.9168772137144958,-4.616202644991647,-2.120006297688786,-6.782619260293821,-5.89818575790901,,,,,,,,K,3908.7,,0.1070665658623765,,,,,0.32954225181544594,2.0600690839893736,0.011463249525562606,0
2159,-1.170047663108814,-2.2773614614750946,-1.9477889415594762,-6.411837243660007,-5.527403741275196,,,,,,,,M,3688.6,,0.04926963131043973,,,,,0.2540048261652499,0.832210712023885,0.002427496569466663,0
2160,-1.1099507316913555,-2.3323834921463966,-1.3963358355409776,-6.4858486466290834,-5.601415144244273,,,,,,,,K,3977.5,,0.057525765427892124,,,,,0.4235625981420181,3.976409264924779,0.003309213688064869,0
2161,-0.13890454505739203,-0.4599199207421649,-0.8043884597232076,-6.065276153764924,-2.313767478158359,,,,,,,,K,4516.8,,0.02385194373193035,,,,,1.2799547366532258,4.649153637334352,0.0005689152197911715,0
2162,-1.5728359672770975,-2.501454415139094,-2.383397215113596,-5.965690191749719,-5.081256689364908,,,,,,,,K,5056.0,,0.019363822072689454,,,,,6.2278481103929435,11.686960484013872,0.0003749576052627754,0
2163,-1.0205700813711656,-2.126910684989692,-1.8770348164216477,-6.476635385878556,-5.592201883493745,,,,,,,,M,3614.3,,0.05642696794261663,,,,,0.24410784211038516,0.8051979692604694,0.0031840027111970847,0
2164,-4.0161852342088915,-2.8297745170819657,-1.632983520662565,-6.67907981356137,-5.794646311176559,,,,,,,,K,4415.0,,0.08620393747587703,,,,,1.2762707661510255,3.040525849931982,0.007431118836344915,0
2165,-3.5940992173844273,-2.7671647175820295,-1.9632759746234156,-6.321930107017592,-5.437496604632782,,,,,,,,K,4439.7,,0.04081742015088275,,,,,1.1507961653198746,2.8204029206863335,0.001666061787773689,0
2166,0.0,-0.20744349229635062,-0.7060987822827269,-5.854813395771983,-1.919568402806975,,,,,,,,K,4811.2,,0.01535302638065086,,,,,4.507977873450239,11.713704970103525,0.00023571541904496128,0
2167,-4.479541998994092,-1.0497590766778275,-1.310376307750201,-7.071150922225771,-6.18671741984096,,,,,,,,M,3430.0,,0.1958643446829619,,,,,0.4690629551350126,5.40125129316715,0.038362841518086103,0
2168,-1.2403034998280869,-2.4961361308093855,-2.0338219928357484,-6.291767122586183,-5.407333620201372,,,,,,,,M,3567.5,,0.03831992557291816,,,,,0.19616185842042885,0.7288062874642147,0.0014684166959139872,0
2169,-1.4078792762355823,-2.577851020310588,-1.7815269333835133,-6.489738471944463,-5.605304969559652,,,,,,,,K,4054.5,,0.05799607607447481,,,,,0.264344365145574,1.401469653077086,0.0033635448400362697,0
2170,-0.22028481191727667,-0.7931425686093625,-1.078212570336419,-5.958501204923282,-5.074067702538471,,,,,,,,K,5042.3,,0.019074608845695222,,,,,5.646596025368429,12.026190142590776,0.00036384070261627445,0
2171,-0.3710270813527523,-0.8509029781190636,-0.8324193326261806,-5.774444289167448,-4.890010786782638,,,,,,,,K,3952.7,,0.012975711232104028,,,,,0.49448964549599655,1.8273060775170928,0.00016836908197895062,0
2172,-0.8115955432638665,-1.4363593665533498,-1.7767417981593234,-6.029761838002784,-5.1453283356179735,,,,,,,,M,3402.5,,0.02214308027788204,,,,,0.18084848037680915,0.6486864641247925,0.0004903160041927285,0
2173,-3.477538687649769,-2.383525921414807,-2.068989524166562,-6.2233019664728815,-5.338868464088071,,,,,,,,K,4459.0,,0.03320348016303045,,,,,1.7439492635963407,4.195611205161785,0.0011024710949367569,0
2174,-0.609283733941394,-2.1699328593441045,-0.9406948722207193,-5.790603223011845,-4.906169720627036,,,,,,,,K,4613.1,,0.013422119831147812,,,,,1.7573939706128259,4.697519295257967,0.00018015330076169136,0
2175,-3.616294323592653,-2.6487975322530257,-2.062513001347849,-6.340710581501476,-5.456277079116665,,,,,,,,K,4241.6,,0.04245400927533236,,,,,0.42637680744763157,1.22014322014322,0.0018023429035500063,0
2176,0.0,-0.4251340372647372,-0.6353189445729344,-6.355195658191619,-5.470762155806808,,,,,,,,K,4569.0,,0.04376097222132924,,,,,2.5291819936700155,14.470646964856229,0.0019150226897559498,0
2177,-3.5755506986344967,-2.4627527583829605,-2.4184707000006815,-6.306235206536882,-5.421801704152071,,,,,,,,K,4459.0,,0.039498214183080714,,,,,1.8901925939154607,4.5826800792659155,0.0015601089236525186,0
2178,-3.2199515825610403,-2.5182945660484117,-2.413885104334671,-6.005343646782419,-5.120910144397609,,,,,,,,K,4852.4,,0.02103970658219075,,,,,4.488731612941933,8.997683498332238,0.0004426692530646807,0
2179,-0.9893635246474435,-1.8119805767460484,-0.9797151615048858,-5.617613797761229,-4.733180295376419,,,,,,,,K,4965.2,,0.00934454151837449,,,,,3.591712606434847,8.848632688834236,8.732045618862463e-05,0
2180,-3.2004430772913954,-2.3877050172839924,-2.0912301065163876,-5.988836450015796,-5.1044029476309865,,,,,,,,K,4530.5,,0.02032512084330422,,,,,1.5906573597188156,3.7386900463708104,0.0004131105372949197,0
2181,-0.6995069210109599,-0.9268573255077057,-0.9092150181152143,-5.980756061566627,-5.096322559181816,,,,,,,,K,4137.1,,0.019984225826882474,,,,,0.5161544530679736,2.6441121529896985,0.00039936928189983643,0
2182,0.0,-0.3407035833969301,-0.7538491036734105,-6.429891175777287,-2.2759042650004537,,,,,,,,K,4310.4,,0.051167238415533424,,,,,1.4858362995606902,8.838949697690822,0.0026180862870720393,0
2183,-2.938070262518867,-2.096749584322569,-2.328009509111595,-5.766828683669811,-4.303422235380138,,,,,,,,K,4497.5,,0.01277049978923268,,,,,1.4106239684052164,3.4235224349594118,0.00016308566486679193,0
2184,-4.566475308394907,-5.011210589762918,-2.3881489356490597,-7.1447098763341526,-6.260276373949342,,,,,,,,M,3361.2,,0.2284689366068075,,,,,0.12792493953023415,0.4576093477701912,0.05219805499424542,0
2185,-1.0432674092199812,-2.225791676734893,-2.1409306862961484,-6.034654845931389,-5.150221343546578,,,,,,,,K,4549.8,,0.02237104253606138,,,,,1.0334661621883543,2.484131555016672,0.0005004635441502676,0
2186,-0.7853738018670313,-1.362886671467166,-0.8978986491315397,-6.404773704601871,-5.52034020221706,,,,,,,,M,3385.9,,0.04854649873920773,,,,,0.23106009290194837,2.5110332055980407,0.0023567625398358974,0
2187,-1.0176180723378312,-2.0453050757050812,-2.052247820475017,-6.426120013444983,-4.261489409268879,,,,,,,,M,3441.0,,0.05076491327488791,,,,,0.31582447926572627,1.105379238724671,0.002577076419806891,0
2188,-3.1296068736990197,-0.9439791755558677,-0.7435350832457757,-5.92889812389917,-2.328246013762037,,,,,,,,K,4332.4,,0.017928491473506645,,,,,0.8981668096836393,2.6201436657206534,0.00032143080651560044,0
2189,-4.196906801280156,-2.717665020408551,-2.1884946722340133,-6.83199806262167,-5.94756456023686,,,,,,,,K,4090.3,,0.11872541417345128,,,,,0.4360211963067283,1.6391377838010768,0.014095723970657547,0
2190,-0.9452427635749955,-1.982183456830957,-1.8850498359030077,-5.799280275360109,-4.9148467729753,,,,,,,,K,4602.1,,0.013668137567091116,,,,,1.522627875884708,3.573063512097033,0.00018681798455292745,0
2191,0.0,-0.20544005301286572,-0.6254415967436953,-5.417348384261059,-4.532914881876248,,,,,,,,K,5067.0,,0.006144669534764723,,,,,5.936404115046834,11.871666522350305,3.7756963691465714e-05,0
2192,-3.7195754859771073,-2.1393987397719902,-2.227123598668387,-6.428102334288322,-3.204925292099545,,,,,,,,K,4230.6,,0.050976000507406194,,,,,0.5712488045398922,2.1125172385819746,0.0025985526277310764,0
2193,-1.2526257960401044,-1.1786574098673248,-1.6224195584356544,-6.125598969145669,-5.241165466760858,,,,,,,,K,3952.7,,0.027062175068728236,,,,,0.3316517926114574,2.4297565452403838,0.0007323613194504961,0
2194,-1.1768517389140039,-1.3708488698561783,-1.7838296267490885,-5.44513029001801,-4.5606967876332,,,,,,,,K,5075.3,,0.006512606061635709,,,,,4.792238770308744,9.179452416516574,4.241403771405418e-05,0
2195,-3.494126880272293,-1.766228688692926,-0.9113953691128442,-6.237338129461172,-5.352904627076361,,,,,,,,K,4384.7,,0.034193515525703995,,,,,1.365348934845871,5.824485707073895,0.00116919650400656,0
2196,-3.5747621152027063,-2.5970520548919644,-1.5242132454395967,-6.30556794363306,-5.421134441248249,,,,,,,,K,4709.4,,0.03944308339773227,,,,,2.0196844094873256,6.1355640096945905,0.0015557568279204626,0
2197,-0.5864776337744406,-4.080318143387178,-0.9888661945271211,-6.291391800489723,-5.406958298104913,,,,,,,,K,4640.6,,0.03828983148369899,,,,,1.609356705001143,5.426929020150896,0.0014661111950500664,0
2198,-1.2173305265354817,-2.2586751703648367,-1.979173939930353,-6.457210932238097,-5.5727774298532875,,,,,,,,M,3369.4,,0.05417864263285784,,,,,0.24658727224091467,0.8913418411718146,0.0029353253175389213,0
2199,-1.4038187387600454,-2.7621269507530517,-1.2652997468377556,-6.954187290126201,-6.069753787741392,,,,,,,,K,3823.4,,0.15332917862972872,,,,,0.4174141648276765,8.482824252850424,0.02350983701926726,0
10021,-1.6290415157301332,-1.9239444088677855,-2.005696178786869,-5.917423916050568,-3.3707946087701064,,,,,,,,K,4522.3,,0.017503006374466643,,,,,2.9322156991860284,6.788591815498312,0.00030635523214462,0
20021,-0.6822337010152241,-2.273846960010597,-1.4332213091663768,-6.359755112174419,-5.475321609789608,,,,,,,,K,4244.4,,0.04418063159663018,,,,,0.5648108601528669,3.1716803594912384,0.0019519282082771574,0
21000,-0.729530095340065,-1.89771774859048,-1.7143548664968136,-5.696093634202098,-4.811660131817288,,,,,,,,K,4423.2,,0.011012940778132528,,,,,0.9561938511638816,2.3728249034940117,0.00012128486458265428,0
21001,-1.1655879318158053,-1.9917104600345719,-2.123620142830481,-6.005958507851306,-5.121525005466495,,,,,,,,K,4178.3,,0.02106680345610099,,,,,0.7272650689516579,2.085496853505049,0.0004438102078579885,0
21002,-3.645056574150551,-0.986617108530832,-1.1606792932278243,-6.365047870435082,-5.480614368050271,,,,,,,,K,3883.9,,0.04467283544245899,,,,,0.36981180525823076,3.320942707985915,0.00199566222646902,0
21003,-1.451894070915342,-3.6353050145296772,-1.474470810349217,-5.883463099037015,-4.999029596652204,,,,,,,,K,4797.4,,0.016301935892670812,,,,,4.518810642173978,9.493946028857197,0.00026575311384874887,0
21004,-1.489844598176029,-2.287086678797,-1.3510313720512614,-5.6321532155736955,-4.747719713188886,,,,,,,,K,5185.3,,0.009633312537793804,,,,,7.192588292693203,13.422730923400216,9.28007104508153e-05,0
21005,-4.03562791992948,-2.8780468029493793,-1.574682520991016,-6.695531316863406,-5.811097814478596,,,,,,,,K,4514.0,,0.089224272449964,,,,,1.3948610893608124,4.899712492131811,0.007960970794225405,0
21006,-0.8185372503560676,-1.738468018366152,-1.8200809900908084,-5.521038510941046,-3.488564889938049,,,,,,,,K,4811.2,,0.0076341780148843855,,,,,3.788537871370392,8.087844080540334,5.828067396294409e-05,0
21007,-1.3265970632348578,-2.025450086481658,-2.067443840074924,-6.1120757913080705,-4.35178503008503,,,,,,,,K,4456.2,,0.026306853192545467,,,,,1.7268603944662657,4.154535073093714,0.0006920505248941396,0
21008,-3.6171456914598568,-2.4180585908331484,-2.2559897978506007,-6.341430969696802,-3.9551695938916587,,,,,,,,K,4800.2,,0.04251807648241222,,,,,3.0727357363343355,6.320981609228509,0.0018077868277642552,0
21009,-1.1390384965865197,-2.3015839121709956,-1.9369190168049712,-6.1188283638177365,-5.234394861432927,,,,,,,,K,3834.4,,0.02668133793466625,,,,,0.2692030222181614,0.864361595624789,0.0007118937939838602,0
21010,-0.8602872455198224,-2.195489146228914,-1.862507888638133,-6.529875488746049,-5.645441986361238,,,,,,,,K,3966.5,,0.06307929167674324,,,,,0.3298465996958441,1.1577313374260645,0.00397899703843965,0
21011,-1.060281847676058,-1.7135870936286564,-1.7575024946301703,-6.08132491361714,-5.19689141123233,,,,,,,,K,4216.9,,0.02466684233063492,,,,,0.6326913932349101,3.11825901391544,0.0006084531105644028,0
21012,-0.9587961124497919,-1.520331572299384,-1.921483535374009,-5.794320555089885,-4.909887052705074,,,,,,,,K,4516.8,,0.013526969307742593,,,,,1.209147118458804,2.7854020217943196,0.00018297889865261013,0
21013,-1.3322105290992734,-2.178626672617295,-1.8307268874963822,-5.441854061045046,-4.557420558660236,,,,,,,,K,5031.3,,0.00646809543429286,,,,,4.545131938148396,8.692375297421277,4.183625854712014e-05,0
21014,-3.817369985751636,-0.6083919441991585,-0.9437344554027167,-6.510851526405231,-3.1868310855005717,,,,,,,,K,4406.7,,0.06061670101064294,,,,,1.221182162559191,6.437721132076601,0.0036743844414136805,0
21015,-0.5350322599103415,-0.8833754048208291,-0.84067540140333,-6.1388018005303255,-3.351873725035544,,,,,,,,K,4459.0,,0.027820521920194848,,,,,1.57608234072151,6.312040795786224,0.0007739814399120421,0
21016,-4.037521954192257,-2.725730573334403,-1.417451129232739,-6.697133961239603,-5.812700458854792,,,,,,,,K,4302.2,,0.08952410022444404,,,,,0.6262841161569027,2.626995194103439,0.008014564520996302,0
21017,-1.0054984102924562,-3.418655806865644,-1.7879522335822347,-5.68486799201165,-4.8004344896268405,,,,,,,,K,4736.9,,0.010757173530656491,,,,,2.959609534080759,6.265131326250599,0.00011571678236865665,0
21018,-0.5366265786755794,-2.4499186230786782,-2.113449979035814,-5.836086609143526,-4.951653106758715,,,,,,,,K,4742.4,,0.014762830882831583,,,,,4.015144734321614,8.579778376363919,0.00021794117567508592,0
21019,-0.12499734897571124,-1.4407992797756108,-1.0660264834123998,-6.448886168113155,-5.013856309410904,,,,,,,,K,3790.4,,0.05324271003871136,,,,,0.25780788386037784,1.5113713388748171,0.0028347861722662956,0
21020,-1.195022443488956,-2.263042477552694,-2.044862179998886,-6.370295947837272,-5.4858624454524625,,,,,,,,K,4027.0,,0.045166298252323135,,,,,0.36616379119727527,1.4701746015058268,0.0020399944978178076,0
21021,-0.9239792449812364,-2.246363665169422,-2.162804418768979,-6.101726476771262,-5.217292974386451,,,,,,,,K,4745.1,,0.025743075679272056,,,,,1.743633323688293,3.65912634253378,0.0006627059454287284,0
21022,-3.2611724422841712,-2.167550065699049,-0.9027062442277718,-6.0402228357789145,-5.155789333394104,,,,,,,,K,5185.3,,0.022633307951456107,,,,,5.130610512572561,12.170913309822604,0.0005122666288254463,0
21023,-0.46186547861497695,-3.7786367023726086,-1.2315674491513855,-6.014850479559701,-5.1304169771748915,,,,,,,,K,4808.4,,0.02146259616886635,,,,,3.217432263236386,9.344545440073862,0.0004606430343078364,0
21024,-3.710446665863842,-2.2021146130789293,-0.977371946363528,-6.420377948038636,-5.535944445653826,,,,,,,,K,4558.0,,0.05015839013887528,,,,,1.6315374101646172,7.579310116792988,0.002515864101323621,0
21025,-3.658551504723203,-2.529870669573127,-2.3174992463931936,-6.376466657842711,-5.4920331554579,,,,,,,,K,4214.1,,0.045753490787697415,,,,,0.43760358191808857,1.2584886107329365,0.002093381919259912,0
21026,-0.9203924468892717,-1.2510034249397182,-0.6877486871515786,-6.024088971708503,-3.6880719634064807,,,,,,,,K,4310.4,,0.021881691124677704,,,,,0.8258634278733386,4.574271645465736,0.000478808406475799,0
21027,-1.1369858911106188,-2.083716248636383,-1.651162324061679,-6.350820120318964,-5.466386617934154,,,,,,,,K,4175.6,,0.04336198953511085,,,,,0.5267050939618467,2.779345660001359,0.0018802621364430625,0
21028,-1.0464526694678042,-1.5973428267486993,-1.9679304147246095,-5.948125632204893,-5.063692129820082,,,,,,,,K,4357.2,,0.018664798338399933,,,,,0.6296984395185558,1.8096571564104331,0.0003483746970131369,0
21029,-4.22480830404916,-3.2970737091595828,-1.7995031076099899,-6.855607026503137,-5.971173524118326,,,,,,,,K,4117.8,,0.12474018612590333,,,,,0.6037403911043904,3.037656408435118,0.015560114034725007,0
21030,-0.9504738209210559,-1.534597170252595,-1.786688916273567,-5.305823374096657,-4.421389871711847,,,,,,,,K,4995.5,,0.00486532838500313,,,,,4.155526110908589,8.049907544582627,2.367142029391717e-05,0
21031,-0.8284050637081531,-1.9663896702084225,-1.8858601806500355,-5.829200008491574,-4.037040859145661,,,,,,,,K,4635.1,,0.014551544730248877,,,,,2.4252681295215335,5.338008710468247,0.00021174745403643386,0
21032,-0.9649992426665055,-2.0882439896755134,-1.7163813646646406,-5.604112004500677,-4.719678502115866,,,,,,,,K,4868.9,,0.009084136271276187,,,,,3.1932029774768447,6.670527467256317,8.252153179511564e-05,0
21033,-0.3915467996179798,-2.1481564755733946,-1.2523860442608359,-6.206016731833741,-5.321583229448931,,,,,,,,K,4582.8,,0.032023570782578184,,,,,1.4501892537073113,5.076316521340815,0.0010255090856667952,0
21034,-0.6941806638922956,-1.824321288296248,-1.6747392553606177,-5.929098362855973,-3.767494230846919,,,,,,,,K,4508.5,,0.01793600781230161,,,,,1.867042925072471,6.1597621226558985,0.0003217003762429445,0
21035,-4.030967621574375,-2.453678159293154,-1.8205490076744137,-6.691587987486009,-4.554679561894262,,,,,,,,K,3963.7,,0.08849081000200779,,,,,0.3107179379714984,2.020396396141452,0.007830623454811442,0
21036,0.0,-0.08626427106675094,-0.45710305119870087,-5.8705631639574145,-2.2460206267639427,,,,,,,,K,4662.6,,0.015867626425055938,,,,,2.478046196768478,9.568416580829508,0.00025178156836513346,0
21037,-3.608704214783134,-2.1130089164565065,-2.0932748679933035,-6.334288181739575,-4.57460117801287,,,,,,,,M,3663.8,,0.04188708761994367,,,,,0.31897981821244503,1.7715160533055108,0.0017545281092808385,0
21038,-0.9917955980784062,-1.7491391918349453,-1.0752524546354307,-5.400116249265665,-4.515682746880854,,,,,,,,K,4626.8,,0.00592697306876924,,,,,3.9304142736711576,8.557213930348258,3.512900975791586e-05,0
21039,-3.42519901947962,-2.5561201143565997,-1.256549765253641,-6.179014554944294,-5.294581052559483,,,,,,,,K,4835.9,,0.03026372086874633,,,,,3.484427898080375,7.94633901139896,0.000915892800821392,0
21040,-3.3104658977360018,-2.729981069549763,-1.3736390993214036,-6.081932682699694,-5.197499180314884,,,,,,,,K,4745.1,,0.024698243907190207,,,,,4.024312929158684,9.296150734530215,0.0006100032520990582,0
21041,-1.5679047667451365,-2.217305800162946,-1.6655239759332472,-6.432284642105898,-4.438351953350528,,,,,,,,K,4010.5,,0.051424236979825115,,,,,0.5281758398949313,2.672810840720241,0.0026444521489572127,0
21042,-1.1258294940851203,-2.2501706798287477,-1.8728408921451325,-5.928939258523884,-5.044505756139074,,,,,,,,K,4392.9,,0.017930035280449286,,,,,1.0025091758253626,2.4828962988739613,0.00032148616515815614,0
21043,-0.7004784106111419,-1.8196432150691766,-1.109413400123947,-6.080457832263111,-5.1960243298783,,,,,,,,K,4563.5,,0.02462211197612029,,,,,1.2086340677577134,5.064648050231329,0.0006062483981646062,0
21044,-1.0606572141983386,-1.9533130410419477,-2.003198516099806,-6.011608660545125,-5.127175158160315,,,,,,,,K,4249.9,,0.021317444744428014,,,,,0.48700566197828477,1.6679109291544465,0.0004544334504317415,0
21045,-3.464399431642053,-2.708121672988506,-2.392712341981719,-6.212184134466352,-4.729760762347224,,,,,,,,K,5105.6,,0.03243967435303365,,,,,5.807157610843101,10.91808859443928,0.0010523324721308691,0
21046,-4.043281128047589,-3.1194885506223975,-2.030872044319966,-6.70200710834796,-5.817573605963149,,,,,,,,M,3352.9,,0.09044198769148366,,,,,0.13520601042755714,1.0097712702651345,0.008179753137586484,0
21047,-3.959384593619907,-2.5306575892489622,-2.422765223271206,-6.631017733062999,-5.746584230678188,,,,,,,,K,4087.5,,0.07795326371810761,,,,,0.47009240578455647,1.3853537216485214,0.0060767113243048315,0
21048,-3.8884585095971684,-2.632772729878387,-2.232969607229999,-6.571003354274527,-5.6865698518897165,,,,,,,,K,3771.1,,0.06875048664185615,,,,,0.17612706504083026,0.5751487995220492,0.004726629413492041,0
21049,-0.8725654600466002,-1.695018072886264,-1.7681850602180402,-5.100967576055212,-4.216534073670402,,,,,,,,K,4753.4,,0.003168688988192114,,,,,3.567451319244075,7.30704699983103,1.0040589903889963e-05,0
21050,-1.2026676583008689,-2.528521625454269,-1.4082556507908996,-5.898880770436755,-5.014447268051945,,,,,,,,K,5122.1,,0.01683663301848358,,,,,3.397573024966126,7.075946344315346,0.00028347221139909154,0
21051,-0.9669474023725758,-1.841583064898619,-0.8784150253861815,-5.5567824878872525,-4.672348985502442,,,,,,,,K,4668.1,,0.0082272900254937,,,,,3.2499913051283316,7.358702340351192,6.768830116358813e-05,0
21052,-3.810157601744037,-2.4419233048675673,-2.250483313727458,-6.504748739937263,-5.620315237552452,,,,,,,,K,4189.3,,0.05984726513099154,,,,,0.5783308087741841,2.9738540497313695,0.0035816951436591963,0
21053,-1.0486662555223432,-1.824244409718507,-1.9101019652642488,-5.81130337734957,-3.4988509808807975,,,,,,,,K,4640.6,,0.014016495242635787,,,,,1.3527625887769201,3.1590083402735027,0.00019646213888683165,0
21054,-3.4326224217358523,-1.698411781183683,-1.6653990325018118,-6.185295895314952,-3.847946295883787,,,,,,,,K,4318.7,,0.030664270131529777,,,,,1.0155436092373331,3.8124961979247938,0.0009402974626994292,0
21055,-4.038603440386995,-1.7899665798188058,-1.1692189827721637,-6.6980490649428415,-5.813615562558031,,,,,,,,M,3641.8,,0.0896957523967003,,,,,0.2706323636121493,1.7140040630419087,0.008045327998010167,0
21056,-0.9188301265446894,-2.1214424779037104,-1.98303292703756,-5.726877235768322,-4.8424437333835115,,,,,,,,K,4915.7,,0.011745956716644418,,,,,2.802439967612953,5.603782251441775,0.0001379674991892841,0
21057,-3.930901232637296,-2.7918518480798817,-1.458787057573967,-6.606916427616174,-5.722482925231363,,,,,,,,K,4431.5,,0.07411805688239045,,,,,1.2996154657766894,3.289365750028647,0.005493486356021267,0
21058,-3.440108647459886,-2.624255833132896,-1.8811451205499048,-6.19163039400452,-5.307196891619709,,,,,,,,K,4769.9,,0.03107357827512028,,,,,2.6799310674946724,6.582389575358496,0.0009655672668200271,0
21059,-3.886531040130281,-2.997517558313426,-2.226330038711992,-6.569372418571776,-5.684938916186966,,,,,,,,M,3545.5,,0.06851617466042449,,,,,0.212327139191692,0.7381985530963295,0.004694466190097796,0
21060,-0.26062385821791967,-1.2998725903095645,-0.9706050079973807,-5.75996704613881,-4.875533543754,,,,,,,,K,5105.6,,0.012588385728903561,,,,,5.592659011674968,12.07939126628733,0.00015846745525966287,0
21061,-3.6985802499301914,-2.148291951346303,-2.419631842167292,-6.4103371345563165,-5.525903632171506,,,,,,,,K,4522.3,,0.049115161549909254,,,,,1.1747883847646188,2.8293828264758503,0.0024122990940736843,0
21062,-4.223165693534364,-4.694309406814724,-2.5503132265789343,-6.854217125298307,-5.969783622913497,,,,,,,,M,3416.2,,0.12437779153852115,,,,,0.1297703621623918,0.5128584023100509,0.015469835027999822,0
21063,-0.9314093538897239,-1.756195144128048,-1.092484685383758,-5.920635368007794,-2.07882550440522,,,,,,,,K,3853.7,,0.01762106498091973,,,,,0.5418928164383183,2.530448969766672,0.0003105019310617956,0
21064,-3.8963745168196824,-2.556914017034301,-2.3097493260538613,-6.577701514232039,-5.693268011847229,,,,,,,,K,4348.9,,0.06972122562468305,,,,,0.6535080552529712,2.0948166845775127,0.0048610493026079605,0
21065,-0.885881289376646,-1.9075915529846417,-1.1756857386415278,-6.056716568614572,-4.026962582800414,,,,,,,,K,4139.8,,0.023428384077707247,,,,,0.5378783048142295,1.7639509699474343,0.0005488891804925665,0
21066,-3.277985435391739,-2.607633425464428,-1.9744851680149762,-6.054449214562241,-5.17001571217743,,,,,,,,K,4868.9,,0.02331745268326224,,,,,2.725887874923248,6.416328755920537,0.0005437035996361735,0
21067,-0.8768829483198318,-2.3399992649888466,-1.36265602526974,-6.020291868734648,-5.135858366349837,,,,,,,,K,3892.2,,0.021708457796500977,,,,,0.35136370047806953,1.2586568908414677,0.00047125713990246406,0
21068,-3.2485463449934615,-2.81122542887245,-1.7039108799745017,-6.029539214994467,-5.1451057126096575,,,,,,,,K,4791.9,,0.022132763836928065,,,,,2.84679711284472,5.951810567371906,0.0004898592350612307,0
21069,-3.9190645104589166,-2.6466970635086713,-2.4912494563068073,-6.596900739619084,-4.232122651334009,,,,,,,,K,4489.2,,0.07258031591648449,,,,,1.6114984112081816,4.108236688908817,0.005267902258536692,0
21070,-1.3638078079450977,-2.588042075890411,-1.8744522795210277,-6.228911099003112,-5.344477596618301,,,,,,,,K,4566.3,,0.03359563214221779,,,,,1.38412650695587,3.3693564534618186,0.0011286664990352174,0
21071,-1.1961817940209944,-2.118323440107197,-1.9854945891566795,-6.210214859715652,-5.3257813573308415,,,,,,,,M,3259.4,,0.03230622668635072,,,,,0.21720809065892982,0.8057708817177093,0.0010436922827098793,0
21072,-3.0013280959879016,-2.2295161254022196,-2.039045974538807,-5.820354542758993,-4.9359210403741836,,,,,,,,K,4723.1,,0.014284589555291867,,,,,2.0248044408858106,4.236149390021945,0.00020404949876315348,0
21073,-1.1401914150452424,-2.044060670448649,-1.8320404705474078,-6.45167929004206,-5.567245787657249,,,,,,,,M,3454.7,,0.0535549174945984,,,,,0.23762854459463012,0.9086240169326222,0.0028681291878532413,0
21074,-1.1162502614735623,-2.2530730308935496,-1.2655784925368734,-6.1331883189514524,-5.248754816566642,,,,,,,,K,3779.4,,0.027495530800201808,,,,,0.33495210374358525,1.514970040412119,0.0007560042139848462,0
21075,0.0,-3.4470533154576057,-0.7491945105135731,-5.710899041554282,-4.826465539169472,,,,,,,,K,5034.0,,0.011359592833209455,,,,,3.530498596079913,7.899063237448645,0.0001290403493363036,0
21076,-2.394739580292932,-2.395761017446819,-2.1074760290308485,-5.6593987302278235,-4.774965227843014,,,,,,,,K,4965.2,,0.010198687864510263,,,,,4.396776628990145,8.548770364656264,0.00010401323415770892,0
21077,-4.0730375498435185,-2.879041954470073,-2.3462808718000328,-6.727185619098362,-5.842752116713552,,,,,,,,M,3259.4,,0.09533659871625397,,,,,0.16022626197889372,0.6729494689095923,0.009089067054784038,0
21078,-4.325368521798181,-3.024549237868598,-2.367277964213588,-6.9406964415215375,-6.056262939136728,,,,,,,,K,3936.2,,0.1490597544201259,,,,,0.25715982473245486,0.8298585827101711,0.022218810387788245,0
21079,-2.0576134065545926,-2.09942966021087,-1.7275688844757877,-5.793474123473556,-4.909040621088745,,,,,,,,K,4654.3,,0.013503023433338278,,,,,3.952221195031507,9.176927296925625,0.00018233164184128264,0
21080,-2.153337017209469,-2.864070254086651,-2.2749863821002543,-6.973213709272223,-6.088780206887412,,,,,,,,M,3696.8,,0.15955909114420122,,,,,0.2848462034056204,1.9672476766888374,0.025459103566763515,0
21081,-1.167868738727265,-3.5526233221530745,-1.504283928505961,-5.807671547691795,-4.923238045306985,,,,,,,,K,4797.4,,0.013910340812692986,,,,,4.1459785922684045,8.863273521705588,0.00019349758152527216,0
21082,-0.35787063657898854,-1.0401459909473205,-0.6574038478503832,-6.248335623379626,-3.6620542105305,,,,,,,,K,4101.3,,0.03498980126617932,,,,,0.6429563711645427,4.0201541356408965,0.0012242861926467243,0
21083,-3.7726990658245416,-2.159731807907631,-2.271153014601687,-6.473053055697689,-5.5886195533128795,,,,,,,,K,4109.6,,0.05600541898902821,,,,,0.8069102294372171,2.3041118333978847,0.003136606956136601,0
21084,-0.8086695470973279,-1.8797506866939597,-1.812767325818434,-5.944796839504768,-5.0603633371199574,,,,,,,,K,3881.2,,0.018535193609801465,,,,,0.23130137613896246,0.7339927945659489,0.0003435534021528251,0
21085,-0.5697294098636841,-4.270391052593219,-0.9801235889981397,-6.465625300595262,-5.581191798210451,,,,,,,,K,3768.4,,0.05514136923130724,,,,,0.4549922298805171,2.456200355918225,0.0030405706007033567,0
21086,-0.8265286616741843,-2.1231732543856383,-1.1524118156443082,-6.370611030432811,-5.486177528048001,,,,,,,,K,3908.7,,0.04519609748925027,,,,,0.4887192937468,3.520631730078966,0.0020426872282578146,0
21087,-0.5490868723734693,-0.967741045182188,-1.1732604565513736,-6.44941545864112,-3.275012936426785,,,,,,,,M,3259.4,,0.05330173257763297,,,,,0.2288019128282958,1.2846977484386193,0.0028410746957774993,0
21088,-0.9462105009473688,-2.4281024682352514,-1.671440733901862,-6.297695454935109,-3.8977362767344417,,,,,,,,K,4159.1,,0.03879842088394708,,,,,0.5971330767201841,1.8977629651127412,0.001505317463087901,0
21089,-1.730200637515035,-2.1269359395213283,-2.198199672959773,-6.068086479082899,-4.330208485767534,,,,,,,,K,4475.5,,0.023992672025783597,,,,,1.5873466273667967,3.8098043991211186,0.0005756483109368188,0
21090,0.0,-0.24442828997380972,-0.7224928859138038,-5.733917322379902,-2.2102081156419713,,,,,,,,K,4329.7,,0.011920335390698044,,,,,3.502855546653019,8.392040826503981,0.0001420943958267283,0
21091,-0.9551313766953957,-2.654178675663615,-0.7770602596498399,-6.022349957919589,-5.137916455534779,,,,,,,,K,4307.7,,0.021802182051409685,,,,,0.9998758746834211,3.2905450943550365,0.00047533514220281063,0
21092,-3.973472757565129,-1.7270751448234514,-0.7116130315627482,-6.642938487170494,-5.7585049847856835,,,,,,,,K,4197.6,,0.07992292173519619,,,,,0.783287338442781,8.675172469809594,0.006387673418690296,0
21093,-4.012667894028581,-4.500003745732464,-0.7000203184908402,-6.676103602639569,-5.791670100254759,,,,,,,,K,4318.7,,0.08566855803223902,,,,,1.770912566260814,20.881499368616943,0.007339101835323105,0
21094,-3.494672747824489,-2.6864807397749626,-2.372798842304292,-6.237800017389952,-5.353366515005142,,,,,,,,K,4957.0,,0.03422659155256046,,,,,3.2433985178832887,7.071207080133478,0.0011714595693058034,0
21095,-0.8504691570472208,-2.3437844375210743,-2.056791293987404,-6.3023558472678305,-5.417922344883021,,,,,,,,K,4038.0,,0.039178767550929895,,,,,0.5074146199394933,1.5278659892029214,0.0015349758268097975,0
21096,-4.235203412953007,-1.3620710990168452,-1.0671144251138314,-6.8644028878833145,-5.979969385498504,,,,,,,,K,3837.2,,0.12705817859643448,,,,,0.7729468400718399,7.11744339853536,0.01614378074824344,0
21097,-0.13738366665366164,-2.2154791983497018,-1.0204143150876888,-6.4567408185833,-5.57230731619849,,,,,,,,M,3435.5,,0.054125353295607886,,,,,0.21859757488696055,1.867944872027958,0.002929553869374371,0
